﻿<Events><Event xmlns='http://schemas.microsoft.com/win/2004/08/events/event'><System><Provider Name='Microsoft-Windows-Security-Auditing' Guid='{54849625-5478-4994-A5BA-3E3B0328C30D}'/><EventID>4781</EventID><Version>0</Version><Level>0</Level><Task>13824</Task><Opcode>0</Opcode><Keywords>0x8020000000000000</Keywords><TimeCreated SystemTime='2014-07-10T20:01:09.038246500Z'/><EventRecordID>49</EventRecordID><Correlation/><Execution ProcessID='464' ThreadID='488'/><Channel>Security</Channel><Computer>WIN-9DV9ENFEJEG</Computer><Security/></System><EventData><Data Name='OldTargetUserName'>Users</Data><Data Name='NewTargetUserName'>Users</Data><Data Name='TargetDomainName'>Builtin</Data><Data Name='TargetSid'>S-1-5-32-545</Data><Data Name='SubjectUserSid'>S-1-5-18</Data><Data Name='SubjectUserName'>WIN-9DV9ENFEJEG$</Data><Data Name='SubjectDomainName'>WORKGROUP</Data><Data Name='SubjectLogonId'>0x3e7</Data><Data Name='PrivilegeList'>-</Data></EventData></Event></Events>