﻿<Events><Event xmlns='http://schemas.microsoft.com/win/2004/08/events/event'><System><Provider Name='Microsoft-Windows-Security-Auditing' Guid='{54849625-5478-4994-A5BA-3E3B0328C30D}'/><EventID>4732</EventID><Version>0</Version><Level>0</Level><Task>13826</Task><Opcode>0</Opcode><Keywords>0x8020000000000000</Keywords><TimeCreated SystemTime='2014-08-13T00:44:49.117128200Z'/><EventRecordID>1891</EventRecordID><Correlation/><Execution ProcessID='508' ThreadID='1436'/><Channel>Security</Channel><Computer>WIN-9DV9ENFEJEG</Computer><Security/></System><EventData><Data Name='MemberName'>-</Data><Data Name='MemberSid'>S-1-5-21-807344451-4160805990-1156053029-512</Data><Data Name='TargetUserName'>Administrators</Data><Data Name='TargetDomainName'>Builtin</Data><Data Name='TargetSid'>S-1-5-32-544</Data><Data Name='SubjectUserSid'>S-1-5-21-3971707290-3287975982-528657165-500</Data><Data Name='SubjectUserName'>Administrator</Data><Data Name='SubjectDomainName'>WIN-9DV9ENFEJEG</Data><Data Name='SubjectLogonId'>0xaf1ccd</Data><Data Name='PrivilegeList'>-</Data></EventData></Event></Events>