﻿<Events><Event xmlns='http://schemas.microsoft.com/win/2004/08/events/event'><System><Provider Name='Microsoft-Windows-Security-Auditing' Guid='{54849625-5478-4994-A5BA-3E3B0328C30D}'/><EventID>4797</EventID><Version>0</Version><Level>0</Level><Task>13824</Task><Opcode>0</Opcode><Keywords>0x8020000000000000</Keywords><TimeCreated SystemTime='2014-08-13T00:43:01.130636100Z'/><EventRecordID>1874</EventRecordID><Correlation/><Execution ProcessID='508' ThreadID='1436'/><Channel>Security</Channel><Computer>WIN-9DV9ENFEJEG</Computer><Security/></System><EventData><Data Name='SubjectUserSid'>S-1-5-21-3971707290-3287975982-528657165-1001</Data><Data Name='SubjectUserName'>aramani</Data><Data Name='SubjectDomainName'>WIN-9DV9ENFEJEG</Data><Data Name='SubjectLogonId'>0xa13207</Data><Data Name='Workstation'>WIN-9DV9ENFEJEG</Data><Data Name='TargetUserName'>Administrator</Data><Data Name='TargetDomainName'>WIN-9DV9ENFEJEG</Data></EventData></Event></Events>