﻿<Events><Event xmlns='http://schemas.microsoft.com/win/2004/08/events/event'><System><Provider Name='Microsoft-Windows-WindowsUpdateClient' Guid='{945A8954-C147-4ACD-923F-40C45405A658}'/><EventID>19</EventID><Version>1</Version><Level>4</Level><Task>1</Task><Opcode>13</Opcode><Keywords>0x8000000000000018</Keywords><TimeCreated SystemTime='2014-08-05T20:08:13.256059100Z'/><EventRecordID>2956</EventRecordID><Correlation/><Execution ProcessID='744' ThreadID='288'/><Channel>System</Channel><Computer>WIN-9DV9ENFEJEG</Computer><Security UserID='S-1-5-18'/></System><EventData><Data Name='updateTitle'>Update for Windows Server 2012 R2 (KB2958262)</Data><Data Name='updateGuid'>{1DE3F386-F36C-4E64-8098-D01B8BEA37CF}</Data><Data Name='updateRevisionNumber'>200</Data><Data Name='serviceGuid'>{9482F4B4-E343-43B6-B170-9A65BC822C77}</Data></EventData></Event></Events>