﻿<Events><Event xmlns='http://schemas.microsoft.com/win/2004/08/events/event'><System><Provider Name='Microsoft-Windows-Security-Auditing' Guid='{54849625-5478-4994-A5BA-3E3B0328C30D}'/><EventID>4902</EventID><Version>0</Version><Level>0</Level><Task>13568</Task><Opcode>0</Opcode><Keywords>0x8020000000000000</Keywords><TimeCreated SystemTime='2014-07-21T22:42:02.171020600Z'/><EventRecordID>387</EventRecordID><Correlation/><Execution ProcessID='496' ThreadID='532'/><Channel>Security</Channel><Computer>WIN-9DV9ENFEJEG</Computer><Security/></System><EventData><Data Name='PuaCount'>0</Data><Data Name='PuaPolicyId'>0xb8c4</Data></EventData></Event></Events>